<?xml version="1.0" encoding="UTF-8"?>
<!DOCTYPE suite SYSTEM "https://testng.org/testng-1.0.dtd">
<suite name="Suite">
  <test thread-count="5" name="Test">
    <classes>
      
      
      <class name="cardatausage_Campaigns.CreateCampaignTest"/>
      <class name="cardatausage_Campaigns.DuplicateCreatedCampaignsTest"/>
      <class name="cardatausage_Campaigns.EditSavedCampaignsTest"/>
      <class name="cardatausage_FleetManagement.EditFleetsTest"/>
      <class name="cardatausage_Vehicle.VehiclePageTest"/>
      
      
      
    </classes>
  </test> <!-- Test -->
</suite> <!-- Suite -->
